{
    "acc_losses": [],
    "accs": [
        0.625,
        0.4375,
        0.625,
        0.5625,
        0.5
    ],
    "epoch": 1,
    "epoch_losses": [],
    "losses": [
        0.9556243419647217,
        1.7989445924758911,
        0.7154505848884583,
        0.9485711455345154,
        1.1232233047485352
    ],
    "progress_rate": 6
}